product_id|model|label|description|category_id|brand|image|status
1000256|83574 series|interrupteur à bascule / multipolaire / action momentanée|TYPETriggers<br> ActionMomentary<br> ConnectionsFast-sur<br> Soudure|40302|crouzet|1545131220621-ba5a1c24-1bde-451f-becd-f6803681e20f|DONE
1000257|8421 series|interrupteur de sélection / à bascule / multipolaire|› Starwheel ou modèles de pushwheel<br> Choix de› des codes de sortie avec 10 ou 16 positions de commutation<br> › Rupture-dans le support de panneau avant pour l'installation facile<br> Gamme de› des dimensions normalisées pour adapter la plupart des découpes des panneaux<br> Grands caractères d'affichage de› pour la lecture facile<br> Grâce de changement du sérieux élevé de› aux contacts plaqués par or<br> Longue durée même de›<br> Choix de› de monter des accessoires : rupture-dans des endcaps,<br> entretoises et connecteurs|40303|crouzet|1545131225546-4032a76a-4c30-45a3-95a5-cd9517410a78|DONE
1000258|CARLO GAVAZZI|commutateur rotatif / de sélection / multipolaire / électromécanique|Carlo Gavazzi offre une gamme complète de boutons-poussoirs et voyants lumineux. Nos boutons poussoirs vraiment facile à installer et à utiliser répondent à toutes les exigences des tableautiers et aux fabricants déquipements industriels. Carlo Gavazzi propose également une large sélection de voyants LED offrant une durée de vie des plus de 100.000 heures. En plus d'une vaste sélection de couleurs, il existe différents types de lentilles et de styles, qui les rendent aptes pour la plupart des applications. Nous proposons également des voyants à multi-couleurs ainsi que des avertisseurs clignotants.|40303|CARLO GAVAZZI|1545131230298-66d376e8-6c52-49d7-923e-15132e96b433|DONE
1000259|83452|interrupteur à levier / unipolaire / 2 pôles / IP40|Boutons de TYPEMultiway<br> ActionMomentary<br> ConnectionsSolder|40304|crouzet|1545131235331-d30ccff3-8ff8-4818-834a-0354cf34d7b9|DONE
1000260|83450,83451,83453 series|interrupteur tactile / unipolaire / 2 pôles / action momentanée|TYPESubminiature<br> ActionMomentary<br> ConnectionsSolder|40305|crouzet|1545131239958-0535a1ce-15df-4a18-aaef-89eeaacb9ebd|DONE
1000261|80 series|relais temporisé multifonction / à montage sur rail DIN / pour applications industrielles / ajustable|Fonctions et caractéristiques:<br> <br> Multifonction<br> Monofonction<br> <br> Largeur 17.5mm<br> Six plages de temps, de 0.1s à 24h<br> Multitension<br> Isolement élevé entrée/sortie|40323|finder|1545131246558-91665ae7-5cb6-40c1-88bf-7e19af0f9085|DONE
1000262|81 series|relais temporisé multifonction / à montage sur rail DIN / ajustable|Funzioni e caratteristiche:<br> <br> Multifonction et multitension<br> <br> Largeur 17.5mm<br> Sept fonctions (4 avec commandeinterne et 3 avec commande externe)<br> Six plages de temps, de 0.1s à 10h<br> 1 contact inverseur<br> Montage sur rail 35 mm (EN 60715)|40323|finder|1545131251921-1af9548c-645d-4e49-8ee6-91a7ba3dd637|DONE
1000263|84 series|relais temporisé numérique / multifonction / à montage sur rail DIN / programmable|SMARTimer, minuterie numérique 16A<br> <br> Deux modes 100 (par l'intermédiaire du smartphone avec la communication de NFC ou par l'intermédiaire de la manette)<br> Affichage rétro-éclairé large<br> Multifonctionnel (25 fonctions disponibles sur chaque canal)<br> Unités de temps ; 0,1 secondes, secondes, minutes, heures<br> 1 Co (16 A) + 1 Co (16 A) contacts de sortie|40323|finder|1545131257128-c4b760e2-93c1-4d2f-8224-666f243e0fa0|DONE
1000264|MDA2R10MV2|temporisateur numérique / multifonction / monté en panneau|Grand écran de LED ou d'affichage à cristaux liquides (13,2 millimètres)<br> › Multifonctionnel et simple-fonction<br> Modes de base et anticipés de› de configuration<br> › Multigamme (0,05 s – 9999 h)<br> Multi-tension de› (24-240 V AC/DC)<br> sorties de relais du› 1 ou 2 (changement)<br> Option de mémoire de› dans l'événement d'une coupure dans l'approvisionnement<br> Fonction de serrure de›<br> › En haut ou en bas de la synchronisation<br> Le› DIN a classé (48x48 millimètre) le logement<br> Corps compact de› (63 millimètres de long)<br> L'eau de› et antipoussière (IP66)<br> connexions 8-Pins et 11-Pins de›|40323|crouzet|1545131266616-d9f1856f-6d14-4cfb-a7a5-d285244edfaf|DONE
1000265|Weidmüller|relais temporisé à montage sur rail DIN|Les relais temporisés sont utilisés dans les automatismes pour corriger les problèmes liés à l'augmentation croissante des fréquences d'horloge.<br> Les impulsions courtes sont prolongées pour être reconnues par les cartes d'entrées. <br> Différentes fonctions de temporisation comme la temporisation à la mise sous tension ou à la chute de tension, comme les générateurs d'impulsion et les commutateurs étoile-triangle sont disponibles.|40323|Weidmüller|1545131272689-9bfb307e-0be5-4ca0-a894-0b3f83d87f02|DONE
1000266|CARLO GAVAZZI|minuterie électronique / multifonction / sur rail DIN|Carlo Gavazzi offre une gamme complète de minuterie pour montage en fond ou façade de panneaux. Nombreux boîtiers avec sorties 1 ou 2 relais inverseur. Couvre la quasi totalité des fonctions possibles (temporisation travail, temporisation repos, temporisation au relâchement, clignoteur symétrique ou asymétrique). Les minuteries sont largement utilisées pour les machines de conditionnement, les équipements de Climatisation-Chauffage-Ventilation, les armoires de contrôle et les contrôles de process.|40323|CARLO GAVAZZI|1545131277074-36471482-cfed-43a8-95b2-1d1b4e5ff41a|DONE
1000267|PZVT|temporisateur pneumatique|<br> Racord M5<br> Débit 50 l/min<br> Durée de temporisation<br> 0,2 … 3 s<br> 2 … 30 s<br> 8 … 120 s<br> 20 … 300 s.|40323|festo|1545131281695-8e765f7d-130c-4562-9bc3-01e71dd718a1|DONE
1000268|DL0203, DL0201|relais temporisé à montage sur rail DIN / ajustable|Temporisation réglable de mise en marche et d'arrêt<br> En option avec retard à l’adressage et/ou au retour et impulsions de balayage<br> Protection d'un conteneur contre le trop-plein ou la marche à sec<br> Pour une protection fiable contre l'usure des pompes et des vannes<br> Montage rapide et bref grâce à un boîtier à rail de serrage|40323|IFM|1545131286745-9a66185c-4b48-461f-9e78-ef5ee61b7451|DONE
1000269|11 series|relais crépusculaire sur rail DIN / AC/DC / modulaire|Fonctions et caractéristiques:<br> <br> Relais crépusculaire modulaire<br> <br> 1 contact<br> Largeur 35 mm<br> 230 VAC, disponible aussi en 24VAC/DC<br> Montage sur rail 35 mm (EN 60715)|40324|finder|1545131291334-093165e0-96bf-485a-a2fb-55c74784bbc0|DONE
1000270|HAGER|interrupteur horaire|Interrupteurs horaires électroniques<br> En version analogique ou digitale, les interrupteurs horaires permettent de gérer les application électriques en fonction d’une information horaire, afin d’améliorer le confort et d’économiser l’énergie.|40325|hager|1545131297023-170a2725-b860-43d8-b8c7-3cdf13226766|DONE
1000271|93 series|support de relais|Support bornes à ressort ou bornes à vis pour montage sur rail 35mm (EN60715)|40327|finder|1545131302158-14a1a095-c4a9-4a03-8fb9-7892b841edcb|DONE
1000272|90 series|support de relais électromécanique / pour circuit imprimé|Connexions: pour circuit imprimé, bornes à vis, et montage rail 35 mm (EN 60715)|40327|finder|1545131307417-af48f9f2-e614-4c57-86c8-3c6fc74c07b5|DONE
1000273|92 series|support de relais électromécanique / pour circuit imprimé|Connexions: pour circuit imprimé, bornes à vis, et montage rail 35 mm (EN 60715)|40327|finder|1545131312225-3ae09078-a204-4023-a411-bb39c1561fdb|DONE
1000274|CR0431|support de relais miniature|Pour fonctions de commande simples dans les véhicules et engins mobiles<br> Avec sorties de relais et entrées numériques multifonctions configurables<br> Interfaces CAN puissantes pour de nombreuses applications de communication<br> Librement programmable suivant CEI 61131-3 avec CODESYS<br> Homologation de type E1 de l'office fédéral allemand sur la circulation des véhicules automobiles pour l'emploi dans des conditions sévères|40327|IFM|1545131318946-248d3c33-4e61-42f7-a9ef-12a6dce53ddc|DONE
1000275|788 series|support de relais électromécanique / miniature|Les embases relais série 788 sont particulièrement adaptées aux applications de commutation rencontrées dans lautomation industrielle et des processus. Grâce à la connexion CAGE CLAMP® S pour tout type de conducteur et à un étrier de fixation et de démontage robuste garantissant la protection contre les vibrations, celles-ci sont aussi appropriées pour un montage à proximité de linstallation. Même dans le cas dembases montées tout près les unes des autres, un changement du relais est facile dû à létrier de montage/extraction. Un module relais avec contacts à guidages forcés ainsi quun module relais avec commande manuelle, font partie des nouveaux composants.|40327|wago|1545131324236-2a5f17a8-4e61-4693-b287-29d448ca0e2d|DONE
1000276|MS3320 series|disjoncteur avec actionneur à ressort|Protection électrique pour les plates-formes militaires et civiles<br> MIL Circuit Breakers fonctionnent sans faute en conditions dures, résistantes à la vibration extrême et au choc mécanique excessif dans diverses applications, y compris :<br> <br> Chasseurs<br> Hélicoptère militaire<br> Systèmes de défense sol-air<br> Vehicules dépisté et à roues de terre militaire<br> Lance-missiles<br> Applications navales de bord du navire|40328|crouzet|1545131328868-cd01bf62-085a-4f80-91e1-15e4308c6071|DONE
1000277|EPSITRON® 787-2861 series|disjoncteur numérique / contre les courts-circuits / modulaire / miniature|Les disjoncteurs électroniques à canal unique de nouvelle série d'EPSITRON® sûrement protéger vos consommateurs contre la surintensité et se mettre. La fusion du côté secondaire déclenchera même en cas d'une basse surintensité qui fait partie des conditions d'en 60204, de ce fait permettant pour utiliser un dispositif de base rentable de réseau. Le déclenchement se produit après Mme juste 4 en cas d'un court-circuit dur.|40328|wago|1545131333908-ef0b3efb-4fd7-412e-b837-b9c2548633b4|DONE
1000278|max. 1 600 A # h3 series|disjoncteur magnéto-thermique / modulaire|Disjoncteurs et interrupteurs h3<br> Une gamme jusqu'à 1600 A<br> L'offre de disjoncteurs et d'interrupteurs généraux est composée de disjoncteurs à déclenchement magneto-thermique ou électronique, d'interrupteurs à déclenchement libre et de blocs différentiels pour des intensités jusqu'à 1600 A.<br> <br> Pour le tertiaire et les locaux professionnels<br> La nouvelle gamme d'appareillage de tête h3 boîtiers moulés a été conçue pour apporter des solutions adaptées aux réalités des installations électriques dans les bâtiments tertiaires et locaux professionnels.|40328|hager|1545131338961-8c7a8215-56f6-44f3-9b71-cfd4a32f806a|DONE
1000279|DF22, DF11, DF12 series|disjoncteur modulaire|Les fusibles électroniques 24 V DC surveillent en permanence le circuit secondaire et le désactivent de manière fiable en cas d'erreur. L'utilisation de ces disjoncteurs électroniques permet par exemple la désactivation de circuits à câbles longs en cas de surcharge, où les disjoncteurs mécaniques ne déclenchent pas forcément en cas de faute.<br> Le système est modulaire et est constitué d'un module d'alimentation et de modules de fusible interconnectables. Ils peuvent être ajoutés au module d'alimentation par un simple levier, sans bornes ni shunts. Le montage facile et les exigences minimales en câblage économisent du temps et de l'argent. Dans la version standard, jusqu'à 10 modules de fusible peuvent être raccordés à un module d'alimentation, et jusqu'à 8 dans la variante IO-Link.<br> Les modules de fusible disposent d'une LED qui signalise si le module s'est déclenché, s'il est actif et à quel niveau sa capacité est utilisée. Chaque module est doté de deux voies. Au moyen d'un bouton-poussoir, chaque voie d'un module de fusible peut être individuellement activée et désactivée ou réinitialisée. Dans la version avec IO-Link, les modules peuvent être paramétrés et exploités à distance.|40328|IFM|1545131344354-7c16890f-f221-4f66-8f65-fbc8faf25734|DONE
1000280|7P series|parafoudre de type 1 / de type 2 / de type 3 / à varistance|parafoudres type 2- pour installations monophasée et triphasée en 230/400V- type 3- monophasé pour installations 230V. Parafoudres type 2 pour applications photovoltaïques (420 à 1000V)|40331|finder|1545131350293-bce80fab-8077-4627-8a9a-82baa5e91847|DONE
1000806|Downflo® WorkStations|dépoussiéreur à cartouche / décolmatage à jet pulsé / modulaire|Les postes de travail de Downflo® (DWS) s'adaptent n'importe où sur le plancher d'usine et ne s'appliquent AUCUNE restriction aux mouvements ouvriers ou à la visibilité. L'en trait plein des postes de travail est conçu spécifiquement pour ces secteurs en usine où les opérations sales et/ou bruyantes sont dans l'ouvert-meulage, le ponçage, l'ébrèchement, le groupe se mélangeant ou soudant.<br> Les avantages du poste de travail de Downflo sont trouvés dans la conception exclusive et les composants de propriété industrielle du collecteur. Comportant une conception ledgeless en combination avec la technologie de propriété industrielle de médias de filtrage d'Ultra-Web® et de nettoyage d'ExtraLife™, le DWS fournit la représentation exceptionnelle dans le travail des métaux, le travail du bois, et les applications de processus où l'efficacité élevée de filtration et la construction ledgeless est souvent une condition.|120104|DONALDSON|1545131172060-603fe097-c832-4791-a9c3-bdc9e76067f2|DONE
1000807|Gold series|dépoussiéreur à cartouche / décolmatage à jet pulsé / modulaire|Les collecteurs de Series® d'or sont idéaux pour différentes applications de rachat de règlement et de produit de contamination et ont une poussière de cartouche et un collecteur incurvés de vapeur qui augmente la productivité tout en nettoyant les lieux de travail de la poussière et des vapeurs nocives.<br> <br> Ce collecteur de poussière est spécifiquement daigné pour des applications pharmaceutiques se composant d'a Sac-Dans le système de changement de sécurité du Sac-Dehors (BIBO) pour la porte d'accès de cartouches et la poussière distribuent le système au-dessous du collecteur. La cabine de série de l'or de Camfil de cabines de GSB (GSB) offre une ventilation élevée de croix-ébauche à la poussière partie de subsistance des répits.<br> <br> Son une application facile à utiliser sans aucuns cabines de GSB, murs, bras de vapeur ou capot de stockage de saleté et peut également exécuter en l'absence des respirateurs. En plus, ces collecteurs de poussière sous vide élevé de série d'or sont idéaux pour les applications jusqu'à 17 en hectogramme ou plus.|120104|Camfil|1545131177778-9352a37f-89bb-4f89-aec6-a6d5b3754bef|DONE
1000808|GDSII|précipitateur électrostatique aspiration centrale|Le paquet de contrat de filtration de GDS peut nettoyer l'air d'admission pour des turbines à gaz, dans des applications en mer et terrestres autour du monde. En outre, les paires de remplisseurs de cartouche peuvent être horizontalement montées dans la maison du filtre et fournir de basses baisses de pression de fonctionnement avec une capacité se tenante de la haute poussière et une efficacité maximum en termes de filtration.<br> <br> La pression et la conception éclatées de la cartouche sont plus efficaces que dans le cas des panneaux carrés, alors que ces produits représentent le choix le plus sûr pour une turbine. Après, la technologie de filtration de nanofiber est disponible pour toutes les tailles des turbines à gaz, du plus grand aux plus petites machines. Les systèmes de prise de multi-visage viennent également avec ou sans des capots de temps et des séparateurs d'humidité.<br> <br> En conclusion, la compatibilité avec n'importe quel système d'admission d'amélioration de représentation, y compris des réfrigérateurs, des refroidisseurs et des systèmes antigivrage, est également intéressant la mention.|120105|DONALDSON|1545131182219-ff6caaee-13a6-45eb-b61c-237f54ef8809|DONE
1000809|CamCleaner 300|purificateur d'air mobile / à filtre HEPA / pour UTA|Cet épurateur d'air est pour des chambres à coucher et de petits lieux de travail avec le secteur de ² de 30 m. Cela fonctionne avec l'alimentation d'énergie de 230 V et équipé d'E11 et de filtre de carbone. Il vient dans les capacités telles que le ³ /h de 80m, le ³ /h de 122m et le ³ /h de 290m avec 42W, 49W et 82W produits respectivement. Il terre-est monté ou type fixé au mur et a une conception d'acier inoxydable. De plus grandes salles peuvent avoir de plus grands épurateurs d'air.|120109|Camfil|1545131186381-b1e37573-8304-4426-aa07-d5b24ac82018|DONE
1000810|Opakfil ES|filtre à air / à sac / en V / écologique|L'ÉNERGIE de Camfil Opakfil fournit la filtration de rendement élevé au consuption d'énergie très basse et au format compact. Opakfil est employé dans n'importe quelles application de climatisation et filtration préparatoire dans les cleanrooms.|120111|Camfil|1545131191052-fbe1427c-c8b3-4bce-9edd-ed85b41723d3|DONE
1000811|Opakfil ES|filtre à air / à sac / en V / écologique|L'ÉNERGIE de Camfil Opakfil fournit la filtration de rendement élevé au consuption d'énergie très basse et au format compact. Opakfil est employé dans n'importe quelles application de climatisation et filtration préparatoire dans les cleanrooms.|120112|Camfil|1545131195550-d3334582-34ef-492a-901c-055d12391ff5|DONE
1000812|PowerCore® SVU series|filtre à air / à cartouche / à sac / d'évent|<br> Solution de filtration par ventilation pour silos plus compacte et intelligente<br> <br> L’unité de décompression de silos ne répond pas seulement aux besoins en termes d’efficacité et de réduction de l’entretien, mais est également un gage de commodité et de sécurité en milieu professionnel.|120112|DONALDSON|1545131200678-99ded6da-6947-42e6-ae59-9f14ed08b56b|DONE
1000813|Camfil|filtre à air / en panneaux / de process / HEPA|Les certaines particules ou molécules arriérées de gaz peuvent s'avérer extrêmement nocives et ont des effets secondaires sérieux, par conséquent son essentiel d'avoir la fabrication propre des semi-conducteurs, des pharmaceutiques et d'autres processus sensibles.<br> <br> Vous devez identifier le bon concept qui se conforme à votre condition pendant que les différents processus exigent différents types nettoyage d'o. Il y a une large variété de filtres disponibles pour adapter à vos besoins selon votre convenance.|120113|Camfil|1545131206190-826a8789-251a-4910-8b74-bf984967828e|DONE
1000814|PowerCore® PSD|filtre à air / en panneaux / compact / haute efficacité|La gamme de filtres à air PSD offre une filtration en deux étapes dans une unité unique et compacte qui assure des performances de filtration supérieures grâce à la technologie de filtration Donaldson PowerCore®. Ce filtre à air non métallique (à l’exception des colliers du couvercle) est idéal pour l’équipement utilisé dans des milieux à poussière moyenne à lourde.|120113|DONALDSON|1545131213471-2a9325ed-d66a-4522-a80a-4d11df02c8cf|DONE
1000815|Parker Hannifin France SAS|filtre à liquide / à gaz / à cartouche / pour applications biopharmaceutiques|Filtres pour la biopharmacie Filtres pour la biopharmacie|120114|Parker|1545131219265-6956b777-06a2-49c9-948b-5eb8c90da893|DONE
1000816|Parker Hannifin France SAS|filtre à gaz / à cartouche / haute performance / stérile|Filtres gaz stérileLes cartouches filtrantes offrent des performances de filtration exceptionnelles tout en fournissant des niveaux élevés de biosécurité.|120114|Parker|1545131223312-4cde10be-e193-4eed-ba56-3a94bca5e97c|DONE
1000817|Camfil|filtre à air / à gaz / à poche / à particules|Les filtres à manches de Camfil ont été conçus pour imprégner l'air ambiant. Il comporte 4 à 12 sacs parallèles qui ont la norme 592 le millimètre X des dimensions de 592 millimètres. Il y a d'autres longueurs et les dimensions une peuvent choisir de, changeant de 300 millimètres jusqu'à 900 millimètres.<br> <br> Ces filtres à manches se composent de fibres en verre ou de polymère d'épaisseur différente. Elle peut également changer du nombre de couches exigées par les besoins opérationnels de clients.|120114|Camfil|1545131228395-b4b22720-02fd-46a3-87e2-558567059572|DONE
1000818|FT series|filtre à air / à eau / à cartouche / en T|Filtres en téFiltres en té avec élément filtrant en inox existent du 1µ au 100µ , 250 et 450 µ optionnels type ""grille"".|120115|Parker|1545131235498-d3f78726-07fa-450c-b44e-dbd086a9f484|DONE
1000819|ABL series|filtre à air / écologique / à particules|Filtres à air ABLFiltres à air écologique de haute capacité de rétention de particules en suspension dans l'air ambiant. Elément filtrant LEIF, respectueux de l'environnement. Débit jusque 2000 l/min.|120115|Parker|1545131240177-a40d8dad-9d0e-4478-a47c-8eeceef6d8e7|DONE
1000820|Parker Hannifin France SAS|filtre à air / à grande capacité / à visser / à particules|Filtres à air Spin On à visserFiltres à air de haute capacité de rétention de particules en suspension dans l'air ambiant. Elément filtrant de 5 ou 3 microns. Débit jusque 3 000 l/min.|120115|Parker|1545131245079-f5e9ba33-55a3-45ba-888b-dcf966153061|DONE
1000821|Camfil|filtre à air / en panneaux / de process / HEPA|Les certaines particules ou molécules arriérées de gaz peuvent s'avérer extrêmement nocives et ont des effets secondaires sérieux, par conséquent son essentiel d'avoir la fabrication propre des semi-conducteurs, des pharmaceutiques et d'autres processus sensibles.<br> <br> Vous devez identifier le bon concept qui se conforme à votre condition pendant que les différents processus exigent différents types nettoyage d'o. Il y a une large variété de filtres disponibles pour adapter à vos besoins selon votre convenance.|120115|Camfil|1545131251250-b32fd9f5-db3b-4f5e-b82f-f30a9dcb7b93|DONE
1000822|PowerCore® SVU series|filtre à air / à cartouche / à sac / d'évent|<br> Solution de filtration par ventilation pour silos plus compacte et intelligente<br> <br> L’unité de décompression de silos ne répond pas seulement aux besoins en termes d’efficacité et de réduction de l’entretien, mais est également un gage de commodité et de sécurité en milieu professionnel.|120115|DONALDSON|1545131256459-08cb3aa0-6c60-40fe-a804-e6846410d0a2|DONE
1000823|Camfil|unité de filtration à air|Camfil offre des systèmes de retenue, Cambox se composant, systèmes d'un seul bloc, CamSafe 2 et CamContain. Ces systèmes offrent la sûreté et la protection en fournissant la retenue du sujet dangereux pour les personnes et l'environnement. La chaîne des systèmes de retenue de Camfil approprié particulièrement pour l'usage dans la bio sûreté, produit chimique, pharmaceutique, des militaires et d'autres applications.|120116|Camfil|1545131263148-02a5a4fb-c095-4b6e-aa99-2d63251b6443|DONE
1000824|DONALDSON|unité de filtration à cartouche / à air|Flexible<br> <br> La conception unique de filtration est particulièrement utile dans les applications qui exigent de l'emballage adapté aux besoins du client des filtres de répondre à des exigences pour le flux d'air, la taille physique, ou l'intégration avec l'autre équipement<br> Excellente alternative dans les milieux industriels où le chargement de la poussière est trop haut pour les filtres de type panneau standard de la CAHT<br> Puissant<br> <br> Les filtres de cartouche d'Ultra-Web® fournissent l'efficacité élevée de filtration et la longue vie de filtre<br> Estimation d'efficacité de filtration de MERV* 15 par ASHRAE 52.2-2007<br> Conception automatique d'impulsion-nettoyage pour le fonctionnement continu<br> Rentable<br> <br> La basse baisse de pression de fonctionnement réduit le coût énergetique<br> Changeout facile de filtre pour un entretien plus rapide|120116|DONALDSON|1545131269593-219c1767-b1fd-4235-b4c2-a42154ca7b46|DONE
1000825|Camfil|cartouche filtrante pour gaz / de dessalement / en synthétique / pour turbine à gaz|Les filtres d'impulsion sont les filtres formés conique-cylindrique d'entrée d'air appropriés pour l'usage sur des admissions de turbine à gaz et dans la plupart des environnements comme industriel, côtier, sec, le désert et l'Arctique. Ces filtres fortement durables sont disponibles dans des conceptions horizontales et de verticale. Une grande variété de filtres d'impulsion sont disponible pour différentes applications, y compris des filtres d'EPA, cartouche autonettoyante et cylindrique-cylindrique, norme, version de goldcone et filtre de cartouche pour le système clampbar.|120118|Camfil|1545131274179-743e8ae6-1776-48f0-97ea-21751992e184|DONE
1000826|DONALDSON|tête de filtre à cartouche / pour huile / en aluminium|Les têtes propres de solutions de Donaldson comportent la construction robuste et en aluminium. Combiné avec les filtres propres appropriés de solutions, ces chefs sont une partie intégrante d'assurer votre équipement critique reçoit le carburant et le pétrole les plus propres possibles.<br> Applications<br> <br> Tous les carburants diesel et lubrifiants<br> Employez seulement avec les filtres propres de solutions de Donaldson<br> Filtre simple SAE, NPTF et double filtre SAE Connections<br> Avantages<br> <br> Partie intégrante de livrer le carburant et le pétrole les plus propres possibles<br> Flexibilité d'application<br> Représentation fiable|120118|DONALDSON|1545131279073-e6345977-61df-43a3-b3ca-d124bd5f8e96|DONE
1000827|MS|cartouche filtrante à air / au charbon actif / à usage général / industrielle|<br> Taille 4, 6, 9, 12<br> Finesse de filtration<br> 40µm<br> 5µm<br> 1µm<br> 0,01µm<br> Filtre à charbon actif.|120118|festo|1545131285077-4929e71f-fe64-47b4-ae62-d50c4b84acac|DONE
1000828|PARFIT|cartouche filtrante pour solvant / pour filtration fine / en métal|Eléments filtrants interchangeables PARFIT<br> <br> Les éléments sont fabriqués selon les mêmes normes rigoureuses que les éléments Parker d'origine utilisant les médias Microglass III et Ecoglass III. Éléments filtrants de remplacement pour Pall, Hydac, Mahle,Internormen, MP Filtri, Donadson et plus de 140 fabricants.|120118|Parker|1545131289557-8149a6c4-a868-49a9-b640-0699d6650070|DONE
1000829|Mini-Mist|collecteur de brouillard d'huile / à matériau filtrant / pour montage sur machine / compact|La Mini-brume de Donaldson Torit® est conçue pour la commande numérique par ordinateur usinant, rectifiant, tournant, fraisant et forant des opérations. Elle est employée pour rassembler des brumes de liquide réfrigérant telles que les brouillards d'huile, solubles dans l'eau et synthétiques de liquide réfrigérant.<br> La conception de Mini-brume est compacte et disponible dans deux modèles ; Millimètre 500 pour les opérations de faible puissance et millimètre 1200 pour les machines exigeant un plus haut flux d'air ou des applications qui exigent une brume et un collecteur de fumée.<br> <br> Filtration à trois étages pour l'efficacité élevée de filtration et la vie de filtre optimum<br> Manipule la brume, la fumée, et les applications particulaires jusqu'à 2 038 le cfm de ³ de m /h/1200<br> La mesure standard de Minihelic® indique quand l'entretien de filtre est exigé<br> Les portes d'accès articulées rend le changeout de filtre facile et simple<br> Fournit un environnement de travail de décapant pour la productivité maximum<br> Aides soutenir des normes d'air pur d'OSHA<br> Le filtre facultatif de HEPA est disponible sur tous les modèles|120119|DONALDSON|1545131294493-34e5e1ca-4a2e-47f8-8070-086885d383ac|DONE
1000830|Easy-Trunk™, Porta-Trunk™|aspirateur de fumée mobile / de soudage / à cartouche / compact|Collecteur facile-Trunk™<br> <br> Pour un devoir plus lourd ou des opérations d'usine plus fréquentes<br> Système de nettoyage de filtre intégré d'impulsion<br> Boutons poussoirs commodément placés sur l'avant de l'unité et/ou sur le capot de vapeur<br> Les filtres fins de fibre d'Ultra-Web® fournissent l'efficacité élevée de filtration de MERV* 15 par ASHRAE 52.2-2007<br> Opération «&nbsp;prête à l'emploi&nbsp;»<br> Ajustements facilement par la porte standard|120120|DONALDSON|1545131300591-b1261872-bd77-473f-a43b-4a5b00982559|DONE
1000831|7F series|ventilateur à filtre / pour armoire électrique / axial / d'évacuation|Ventilateurs à filtres pour armoires et tableaux électriques<br> <br> Niveau sonore extrêmement faible<br> Encombrement extérieur minimal<br> volume d'air (24...630) m³/h (flux libre)<br> volume d'air (24...470) m³/h (flux avec filtre de sortie installé dans l'armoire/ tableau électrique)<br> Tension d'alimentation: 24 VDC, 120 V AC, 230 V AC|120129|finder|1545131305768-0300c5e6-661a-4e50-a2d9-4133dd78ee43|DONE
1000832|FT series|filtre à air / à eau / à cartouche / en T|Filtres en téFiltres en té avec élément filtrant en inox existent du 1µ au 100µ , 250 et 450 µ optionnels type ""grille"".|120203|Parker|1545131312802-4bd65fb1-abbc-47ec-a57f-2ae3f1f5a908|DONE
1000833|RayCleanTM|unité de purification d'eau|Garde RayClean d'océan de DESMI<br> Système de traitement à l'eau de ballast<br> <br> Efficace prouvé dans toutes les salinités de l'eau avec UV-T (UV-Transmission) aussi bas que 0.33 ce qui place le repère d'industrie.<br> <br> RayClean<br> - la plus basse consommation d'énergie dans la classe<br> Le système de traitement à l'eau de ballast de RayClean est le principal système dans l'industrie marine avec l'exécution incomparable de traitement et la plus basse consommation d'énergie dans la classe.<br> <br> RayClean est examiné pour rencontrer les dernières conditions et directives adoptées par l'organisation maritime internationale (IMO) et le garde côtier des USA.<br> L'essai d'homologation progresse selon les la prévisions et des homologations d'IMO et d'USCG sont prévues début 2014.<br> <br> RayClean peut être employé dans toutes les salinités et températures de l'eau, et ajuste automatiquement le traitement afin d'assurer la conformité d'IMO et d'USCG à tout moment à la puissance d'énergie exigée minimum.|120205|DESMI|1545131320760-2304f398-ec31-4628-9f29-1053b8be2f4e|DONE
1000834|RayCleanTM|unité de purification d'eau|Garde RayClean d'océan de DESMI<br> Système de traitement à l'eau de ballast<br> <br> Efficace prouvé dans toutes les salinités de l'eau avec UV-T (UV-Transmission) aussi bas que 0.33 ce qui place le repère d'industrie.<br> <br> RayClean<br> - la plus basse consommation d'énergie dans la classe<br> Le système de traitement à l'eau de ballast de RayClean est le principal système dans l'industrie marine avec l'exécution incomparable de traitement et la plus basse consommation d'énergie dans la classe.<br> <br> RayClean est examiné pour rencontrer les dernières conditions et directives adoptées par l'organisation maritime internationale (IMO) et le garde côtier des USA.<br> L'essai d'homologation progresse selon les la prévisions et des homologations d'IMO et d'USCG sont prévues début 2014.<br> <br> RayClean peut être employé dans toutes les salinités et températures de l'eau, et ajuste automatiquement le traitement afin d'assurer la conformité d'IMO et d'USCG à tout moment à la puissance d'énergie exigée minimum.|120208|DESMI|1545131327108-40712bfa-f52c-4126-b80f-becc34a3daa0|DONE
1000835|RayCleanTM|unité de purification d'eau|Garde RayClean d'océan de DESMI<br> Système de traitement à l'eau de ballast<br> <br> Efficace prouvé dans toutes les salinités de l'eau avec UV-T (UV-Transmission) aussi bas que 0.33 ce qui place le repère d'industrie.<br> <br> RayClean<br> - la plus basse consommation d'énergie dans la classe<br> Le système de traitement à l'eau de ballast de RayClean est le principal système dans l'industrie marine avec l'exécution incomparable de traitement et la plus basse consommation d'énergie dans la classe.<br> <br> RayClean est examiné pour rencontrer les dernières conditions et directives adoptées par l'organisation maritime internationale (IMO) et le garde côtier des USA.<br> L'essai d'homologation progresse selon les la prévisions et des homologations d'IMO et d'USCG sont prévues début 2014.<br> <br> RayClean peut être employé dans toutes les salinités et températures de l'eau, et ajuste automatiquement le traitement afin d'assurer la conformité d'IMO et d'USCG à tout moment à la puissance d'énergie exigée minimum.|120224|DESMI|1545131332654-bbb9e48e-ca19-4df3-9e71-ece26a95c7f5|DONE
1000836|Camfil|cartouche filtrante pour gaz / de dessalement / en synthétique / pour turbine à gaz|Les filtres d'impulsion sont les filtres formés conique-cylindrique d'entrée d'air appropriés pour l'usage sur des admissions de turbine à gaz et dans la plupart des environnements comme industriel, côtier, sec, le désert et l'Arctique. Ces filtres fortement durables sont disponibles dans des conceptions horizontales et de verticale. Une grande variété de filtres d'impulsion sont disponible pour différentes applications, y compris des filtres d'EPA, cartouche autonettoyante et cylindrique-cylindrique, norme, version de goldcone et filtre de cartouche pour le système clampbar.|120224|Camfil|1545131337666-7b90dd5e-5353-4246-ae8e-aec5ea2967dd|DONE
1000837|MINI-MAX|écrémeur d'hydrocarbure / de surface|Le MINI-MAX unique est une écumoire autoréglable de déversoir qui est capable de récupérer un éventail d'huiles et les produits flottant sur l'eau apprêtent. Il est idéal pour de petits séparateurs, réservoirs et eaux industriels. Cette écumoire peut être couplée directement à un camion de vide ou à d'autres pompes à aspiration telles que des pompes à diaphragme. Le MINI-MAX est idéal pour écrémer un éventail de produits tant que il flotte et les écoulements le MINI-MAX pourront le récupérer !<br> <br> <br> La tête d'écumoire de MINI-MAX peut être reliée à n'importe quelle pompe à aspiration auto amorçante - de préférence à une vitesse variable et à un raccordement d'aspiration de deux ou trois pouces. DESMI peut fournir une variété de pompes pour convenir à beaucoup d'applications.<br> <br> La manipulation de capacité et de viscosité de la tête d'écumoire est déterminée par la pompe à aspiration ou le système de vide attaché à l'écumoire. Les systèmes de vide sont idéaux car ils peuvent tirer une aspiration profonde.<br> <br> accès d'huile de 360 degrés - l'huile a l'écoulement non interrompu dans le distributeur central, flottabilité est fournie par le flotteur central.<br> <br> Fiabilité - car le MINI-MAX n'a aucun composant mécanique et est construit des matériaux robustes, il est idéal pour l'installation dans des puits d'huile, des séparateurs d'api et d'autres lagunes de processus où l'opération sans surveillance à long terme est exigée.<br> <br> Nous empaquetons typiquement le MINI-MAX avec une pompe à diaphragme à moteur diesel de 3 pouces dans un stockage d'aluminium et un carton d'expédition commodes. Nous pouvons également fournir les pompes à diaphragme électriques, pneumatiques et hydrauliques, péristaltiques et centrifuges.|120313|DESMI|1545131348754-d02592a8-35c5-4dc9-a881-0ff3bc633747|DONE
1000838|TERRAPIN|écrémeur d'hydrocarbure|Le TERRAPIN est une écumoire autoréglable de déversoir idéale pour l'installation et le déploiement dans les réservoirs, les séparateurs industriels, les puits et les carters de vidange où de l'huile flottante et d'autres liquides flottants doivent être récupérés. <br> <br> Au coeur du TERRAPIN est le déversoir autoréglable qui place automatiquement la profondeur du déversoir selon le taux de pompage. La pompe plus rapidement et le déversoir descendront plus bas et prendront une coupe plus profonde. La pompe plus lente et le déversoir se lèveront vers le haut et prendront une coupe plus fine.<br> <br> Le TERRAPIN a été conçu avec des applications industrielles à l'esprit. L'unité peut être flotter librement utilisé tuyau d'aspiration avec 1 ¼ "" relié au dessous. Alternativement un tuyau d'aspiration, relié au dessus de l'écumoire, peut suspendre le TERRAPIN.<br> <br> Le diamètre du TERRAPIN est seulement 410 millimètres, qui permet l'accès dans des drains et par des trous d'homme dans des réservoirs de stockage. Cette écumoire peut être considérée pour des secteurs dangereux.<br> <br> Le TERRAPIN est construit en acier inoxydable de catégorie marine, polyéthylène moulé et polyuréthane - le rendant résistant aux huiles et à beaucoup d'environnements trouvés dans des applications industrielles.<br> <br> Nous pouvons assurer une variété de pompes pour convenir à votre application comprenant le diaphragme pneumatique, la roue à aubes électrique et le centrifugeur.<br> <br> Le TERRAPIN a un raccordement inférieur pour des réservoirs et de plus grandes eaux superficielles. En utilisant le raccordement supérieur le TERRAPIN peut être abaissé dans des carters de vidange, des drains et des réservoirs.|120313|DESMI|1545131354464-ed2a91ac-1864-4d1b-8b72-1f12c3f838c0|DONE
1000839|TERMITE|écrémeur d'hydrocarbure|L'écumoire de TERMITE est basée sur la conception prouvée de TERMINATEUR incorporant la pompe DOP-160. Le TERMITE fournit un paquet léger qui peut écrémer et transfère une grande variété d'huiles et peut fonctionner efficacement en états ouverts de l'eau.<br> <br> La profondeur du déversoir ajuste automatiquement sur le match le taux de décharge de à bord de la pompe ou le taux d'aspiration auxquels le produit est enlevé de l'intérieur de l'écumoire - assurer l'efficacité élevée de rétablissement à tous les débits unitaires. Le taux de pompage devrait être ajusté pour convenir à l'épaisseur de la couche d'huile.<br> <br> Comme une option l'écumoire peut être équipée d'un port supplémentaire pour coupler directement à un camion de vide ou à d'autres pompes à aspiration, telles que des pompes à diaphragme. Tous les composants sont fabriqués en aluminium marin de catégorie, acier inoxydable ou polypropylène. Elle a un seul point de levage, remorquant le point et les raccordements de tuyau au-dessous de la ligne de flottaison.<br> <br> Le DOP-160 peut être facilement enlevé de l'écumoire et être employé indépendamment comme transfert, débarquement ou pompe de nettoyage de réservoir. Nos 25 kilowatts/33 paquets de puissance universels de HP actionneront la pompe à la pleine capacité et peuvent être livrés avec les roues et la barre de remorquage de route d'emplacement ou de grand diamètre pour le terrain rugueux. Ces paquets de puissance peuvent actionner une variété d'équipement à l'aide de jusqu'à trois circuits hydrauliques.|120313|DESMI|1545131358407-c38f2057-a21b-448c-94b8-6d1ae75b9374|DONE
1000840|WA.. series|balise d'obstruction pour aviation / à faible intensité|Le top de la technologie parmi les feux d’alerte des aéronefs, LIOL, MIOL, avec technologie LED. Fiabilité, durée de vie élevée, et maintenance réduite, en conformité avec l’OACI et la FAA, avec unité de signalisation comme les balises, feux clignotants, gyrophares.|120502|MARECHAL ELECTRIC|1545131362503-7d676e3c-ccc6-49a9-abc5-4706e77fa82a|DONE
1000491|ROTAN HD|pompe pour peinture / à engrenage interne / pour fluide visqueux / en fonte|«&nbsp; Le Rotan HD est une série de pompes résistantes avec les pompes à engrenages internes en fonte. Les pompes sont construites d'une telle manière afin de fonctionner avec un large éventail de liquides visqueux et non-corrosifs. Elles sont particulièrement conçues pour des applications difficiles, particulièrement ceux qui impliquent les liquides fortement visqueux. Les pompes fonctionnent avec une capacité maximale de 250 m^3  /h et d'une vitesse maximale de 1750 t/mn.  /html&nbsp;»|60102|DESMI|1545131172969-decdfcd1-4693-413d-ba0e-24f4112390b0|DONE
1000492|STX series|pompe d'acide / pour solvant / pour peinture / auto-amorçante|Applications chargeant et déchargeant les fluides corrosifs et non-corrosifs : acides sulfoniques, produits chimiques de spécialité, dissolvants, peintures de latex, huiles de sucre et et végétales liquides.<br> <br> Dispositifs et avantages :<br> pompe de l'acier inoxydable 316 avec la construction externe roulement à billes, les joints mécaniques chimiques de blackmer et les palettes non métalliques pendant la plus longue vie avec les produits corrosifs.<br> l'individu de conception de pompe de Glisser-palette s'ajuste à l'usage pour maintenir le débit unitaire.<br> Excellentes possibilités de course auto-amorçante et sèche.<br> La conception et l'opération de pompe réduit au minimum le cisaillement et l'agitation.<br> La soupape de sécurité réglable se protège refoulent des pressions excessives.<br> Entretien facile : des palettes peuvent être facilement remplacées -- sans enlever la pompe.|60102|blackmer|1545131178225-a0b88c55-d4f7-471f-843f-9dc219e3419d|DONE
1000493|CS series|pompe pour produits chimiques / électrique / à amorçage standard / centrifuge|Pompes centrifuges à haut rendement réalisées pour un emploi spécifique dans les secteurs alimentaire, chimique et pharmaceutique. Débits compris entre 0 et 500 m3/h avec des hauteurs de refoulement max de 100m. Construites en acier CF-3M / AISI 316L. Modularité maximale des composants et simplicité d’inspection, nettoyage et entretien. Conseillées pour des milieux particulièrement agressifs. Sur demande les fonderies peuvent être proposées dans des matériaux spéciaux : hastelloy, Sanicro 28, duplex.|60102|CSF|1545131182576-f694f56c-5b55-438f-9a8b-a70ded79d761|DONE
1000494|ROTAN CD|pompe pour produits chimiques / pour produits alimentaires / à engrenage interne / pour applications pharmaceutiques|«&nbsp; Le CD de Rotan est une pompe à engrenages interne construite par Desmi. Cette pompe est construite pour manipuler les fluides corrosifs généralement trouvés dans le traitement chimique. Elle est équipée d'une configuration 90° angulaire qui facilite en exécutant des applications, telles que le pompage de l'acide organique, de la soude caustique, savon, shampooing, graisse animale, et pour l'industrie pharmaceutique. L'instrument fonctionne dans une vitesse de 1750 t/mn, avec une gamme de capacité qui peut atteindre jusqu'à 170 m3  /h.  /html&nbsp;»|60103|DESMI|1545131187285-533ee923-fd48-46ef-9c32-7da522f8dd3a|DONE
1000495|SNP, SX series|pompe pour acide / pour produits alimentaires / auto-amorçante / à palettes|Des pompes de Blackmer SNP sont typiquement utilisées en manipulant une variété de fluides corrosifs ou caustiques tels que des acides, des saumures et des nourritures de liquide telles que des sucres, les sirops, la bière, le jus de betterave, le cidre et les extraits de saveur.<br> <br> Dispositifs et avantages :<br> construction de l'acier inoxydable 316 avec les paliers manchon métallisés de carbone et les palettes non métalliques pendant la plus longue vie avec les produits corrosifs.<br> Les caractéristiques de conception non-irritantes uniques réduisent des coûts d'entretien et des difficultés opérationnelles.<br> Joint mécanique facultatif de grue ou de Flowserve de John avec l'acier inoxydable, le carbone, et la construction de PTFE.<br> L'axe bourrant la boîte adapte à la plupart des configurations mécaniques de joint de marché des accessoires standard.<br> Option revêtue de tête de pompe pour l'opération à hautes températures.<br> La conception unique de pompe de glisser-palette individu-s'ajuste à l'usage pour maintenir des débits unitaires.<br> La conception et l'opération de pompe réduit au minimum le cisaillement et l'agitation.<br> Excellentes possibilités auto amorçantes et sèches de course.<br> Le support de roulement symétrique assure même le chargement et l'usage pour de longue vie.<br> La soupape de sécurité réglable se protège refoule des pressions excessives.<br> Entretien facile : des palettes peuvent être facilement remplacées sans enlever la pompe du système sifflant.|60103|blackmer|1545131194751-08173008-a416-4725-a478-b14a09385bf7|DONE
1000496|RBA, RBB series|pompe pour boisson / électrique / à piston plongeur / de dosage|Mécanisme : Retour de ressort<br> <br> Débit maximum : 300 l/h<br> <br> Noir - enveloppe de anodisation d'aluminium ;<br> Pompe simple et robuste de plongeur de retour de ressort ;<br> À prix réduit, dû au nombre réduit de composants ;<br> Idéal pour doser des fluides doux ou non-agressifs ;<br> Arrangement simple et multiple.|60103|OBL|1545131199209-99583d6a-9a0d-486f-bbfa-5547ee53019b|DONE
1000497|CN series|pompe pour produits alimentaires / électrique / centrifuge / monobloc|Pompe centrifuge simple étage en version monobloc. Une gamme de 3 modèles avec impulseur ouvert, arbre indépendant et moteur standard IEC. Conception optimisée pour garantir un niveau élevé dhygiénabilité.|60103|CSF|1545131204044-f3d892a8-1c91-4c03-8ac0-8b5fdf874382|DONE
1000498|25 mm # P200|pompe pour produits alimentaires / à membrane / en métal / d'aspiration|Wilden P200 - 25 millimètres (1 '') ont avancé la pompe en métal<br> <br> LOGEMENTS MOUILLÉS<br> (Chambres et tubulures liquides)<br> Poids matériel de bateau<br> Aluminium 11 kilogrammes (24 livres)<br> Fer malléable 21 kilogrammes (47 livres)<br> 316 S.S. 23 kilogramme (51 livres)<br> <br> LOGEMENTS DE NON-WETTED<br> Matériel de description<br> Section centrale : Acétal, polypropylène conducteur, polypropylène<br> Soupape à air : Acétal, polypropylène conducteur, polypropylène<br> <br> DÉBIT À 212 LPM (56 GAL/MN)<br> PRESSION MAXIMUM = BARRE 8.6 (125 PSIG)<br> <br> CAPACITÉ DE TRANSPORT MAXIMUM D'ASPIRATION<br> 5.5 m (18.0 ') sèchent, 8.8m humides (29.0 ')<br> <br> SOLIDES MAXIMUM DE DIAMÈTRE<br> 6.4 millimètres (1/4 '')|60103|Wilden Pump|1545131208946-793e965b-3ad9-4f90-ae15-621661df031c|DONE
1000499|ML series|pompe à boue / auto-amorçante / à palettes / pour fluide haute viscosité|Idéal pour manipuler tout des dissolvants légèrement de non-lubrification aux liquides fortement visqueux ou aux boues abrasives. Beaucoup d'options sont disponibles pour configurer la pompe ML4 à vos besoins spécifiques.<br> <br> Dispositifs et avantages :<br> Disponible avec les paliers manchon internes avec la boîte de bourrage externe ou les joints mécaniques internes avec les roulements à billes externes.<br> Des hub modulaires de roulement permettent à ces pompes d'être facilement modifiées dans le domaine.<br> L'usage facultatif a durci des pièces disponibles pour des applications abrasives.<br> Option revêtue de tête de pompe pour l'opération à hautes températures.<br> Construction malléable de fer avec le boulon dessus, soupape de sécurité interne.<br> La conception unique de pompe de glisser-palette individu-s'ajuste à l'usage pour maintenir des débits.<br> Excellentes possibilités de course auto-amorçante et sèche.<br> La construction de joint mécanique de Blackmer et roulement à billes fournissent la fiabilité maximum (option MLX4).<br> Le support de roulement symétrique assure même le chargement et l'usage pour la longue vie.<br> Des roulements à billes externes sont isolés dans le pumpage par les joints mécaniques pour maximiser la vie de roulement et pour réduire au minimum le risque de contamination (option MLX4).<br> John Crane facultatif ou Flowserve mécanique (option MLN4).<br> La boîte de bourrage d'axe adapte à la plupart des configurations standard de joint mécanique de marché des accessoires (option MLN4).<br> La soupape de sécurité réglable se protège refoulent des pressions excessives.<br> Entretien facile : des palettes peuvent être facilement remplacées sans enlever la pompe du système sifflant.|60104|blackmer|1545131215652-bf5ec0c7-a5eb-4a00-aaa0-90b33866b43b|DONE
1000500|OM series|pompe à boue / électrique / de dosage|ceux-ci sont faits et conçus pour doser la boue d'oxyde dilué de magnésium dans le diesel. Depuis 1980, cette pompe d'OM avait fonctionné avec des fabricants de boue d'oxyde de magnésium et a été particulièrement conçue pour cette application particulière avec les matériaux humides spéciaux. Elle est disponible avec le retour de positif comme le mécanisme de ressort (68 litres dans une heure est le débit, 18 GPH et pressions d'opération jusqu'50 à la barre g, 725 livres par pouce carré g).|60104|OBL|1545131220707-27cddce9-d3e4-4012-b2c4-61d8e75d82eb|DONE
1000501|38 mm # PX4 Stallion|pompe à boue / auto-amorçante / à membrane / en métal|La série de pompe de Stallion® est conçue pour transférer les boues plein-chargées sans risque et efficacement. Grand dégagement interne et couler-à travers la subsistance de conception la pompe d'obstruer tandis que l'admission d'air brevetée de Wilden maintient la fiabilité ""MARCHE/ARRÊT"". La technologie de Stallion® incorpore une boule/siège changés le clapet qu'anti-retour maximise la vie de partie, augmente l'ascenseur d'aspiration, et maximise des débits unitaires. Ultra-Fléchissez "" la vie de pièces d'augmentations de technologie de diaphragme en utilisant le caoutchouc sacrificatoire et un modèle commandé de câble. Une base d'écran de polyuréthane a été ajoutée à l'admission de la pompe pour la longévité supplémentaire.|60104|Wilden Pump|1545131225650-3b150962-3033-46c2-830b-d0729aad5fe5|DONE
1000502|ROTAN PD|pompe à graisse / à carburant / à engrenage interne / pour applications pétrochimiques|«&nbsp; Le palladium de Rotan est une pompe à engrenages interne pour l'industrie pétrochimique. Tous les composants de pression dans lui sont fabriqués à partir de l'acier au carbone. La pression de conception est dans l'accord à la norme ANSI de 300 livres ou Pn40. Ces pompes peuvent également être commandées pour répondre à des normes d'api 676 (à quelques exceptions). Elles viennent également avec 90 degrés de construction angulaire s'il y a lieu<br> Leurs gammes de capacité jusqu'à 170 mètres cubes par  d'heure/750 gal/mn. La vitesse monte à 1750 t/mn et à la barre jusqu'à 16 de différence de pression (250 livres par pouce carré). L'ascenseur d'aspiration est jusqu'à 0,5 barres dans le vide de 15 de pouce hectogrammes d'installation tout en amorçant et jusqu'à 0,8 barres dans 24 vides d'hectogramme d'installation de pouce tout en pompant. Il peut fonctionner sur une gamme de viscosité du CST jusqu'à 250000 aux températures de fonctionnement de jusqu'à 250 degrés de Celsius (500 degrés de Fahrenheit).<br> Les pompes trouvent l'application dans le pompage d'huile, carburants, huile lubrifiante, essence, hydrocarbure ont basé les fluides, la graisse, le bitume, les additifs, la cire et le polystyrène. <br>  /html&nbsp;»|60105|DESMI|1545131231130-f5f09104-9bb6-47ca-a57d-cfae59a628a5|DONE
1000503|ROTAN HD|pompe à huile / électrique / à engrenage interne / pour fluide haute viscosité|«&nbsp; Pompe à engrenages interne résistante de ROTAN<br> <br> Pompes en fonte, pour un large éventail de liquides visqueux et non-corrosifs.<br> Des pompes de HD sont spécifiquement conçues pour des applications difficiles et ceux impliquant les liquides de grande viscosité.<br> <br> Des pompes de HD sont connues par leur construction.  /html vigoureux et simples&nbsp;»|60106|DESMI|1545131236349-99845de7-046e-40dc-a0de-2dbad95ae981|DONE
1000504|DESLUBE|pompe à huile / électrique / immergée / centrifuge|DesLube de Desmi fait partie des solutions marines et en mer de la compagnie de produit. Généralement utilisé pour des opérations fournir-connexes principales d'huile de lubrification de moteur, cette basse-NPSH, à faible bruit/par vibration submergée pompe d'huile de lubrification peut également être utilisée pour de grandes applications de moteur de deux-course. Cette pompe adaptable est manufacturée basée sur les pompes profondes-bien et les unités centrifuges intégrées de la compagnie. Sa structure pleine garantit les opérations de haute qualité. Ceci assure également des besoins d'entretien minimaux. <br> <br> Le DesLube peut être intégré dans le marécage bride-soutenu par dôme. Ces possibilités d'intégration n'ont pas besoin des mécanismes supplémentaires de suspension. Quand les chutes de pression d'huile lubrifiante, cet appareil augmente le débit global, afin de réduire au minimum les risques des dommages complets qui peuvent par la suite casser le moteur principal.|60106|DESMI|1545131241707-a695aa87-0c39-4f0a-ab88-45d116f53cb0|DONE
1000505|DOP-160|pompe à eau / à huile / à moteur hydraulique / à vis|Le DOP-160 est fabriqué par la technologie de pompage A/S. de DESMI. C'est une pompe résistante verticale de vis, d'une capacité maximum de pompe du ³ /h. de 30 m. Il est disponible avec des raccordements de décharge comprenant des 3 "" Camlock, alors que la bride et d'autres solutions de rechange sont disponibles sur demande.<br> <br> La pompe est faite de matériaux de norme et de qualité. Elle a une enveloppe d'aluminium, roue à haute résistance de plat, et les solides solubles Ni-Résistent à la vis. Comme options, elle est disponible avec la version d'acier inoxydable, le moteur hydraulique de couple élevé, et les brides annulaires d'injection de l'eau. La pression de décharge est jusqu'à 10 barres/145 livres par pouce carré de maximum. Les dimensions de la pompe est de 390 x 240 x 520 millimètres.|60106|DESMI|1545131246841-808e61c7-0d83-4dd1-bf23-08819a3baea5|DONE
1000506|DESMI Pumping Technology A/S|pompe pour GPL / électrique / centrifuge / pour puit profond|«&nbsp; Pompes de cargaison de Deepwell pour le LPG, la JAMBE, le produit chimique et les bateaux-citerne de CO2<br> <br> Les pompes de NDW de DESMI sont de rendement optimum et bien avérées pour pomper chaque milieu de LPG, à la JAMBE au-dessus d'un large éventail de produits chimiques, au CO2. La pompe se compose de trois composantes principales : cylindre bas de disposition, de tuyau et de la pompe. Le cylindre est conçu avec un nombre variable de roues à aubes et d'enveloppes pour atteindre la tête et la capacité exigées. La pile de tuyau se compose d'un certain nombre de tuyaux intermédiaires en lesquels la cargaison est transportée à la bride de débouché de la disposition basse. L'axe intermédiaire, qui conduit les roues à aubes, est placé au centre de la pile de tuyau. L'axe est soutenu par des incidences de guide pour chacun 1,2 mètres, qui est également la longueur des tuyaux intermédiaires dans la pile de tuyau. Les incidences sont faites de carbone et sont lubrifiées par le cargo.  /html&nbsp;»|60108|DESMI|1545131253388-c1a37f25-1c72-4fb1-810b-f78d730ca481|DONE
1000507|ROTAN PD|pompe à graisse / à carburant / à engrenage interne / pour applications pétrochimiques|«&nbsp; Le palladium de Rotan est une pompe à engrenages interne pour l'industrie pétrochimique. Tous les composants de pression dans lui sont fabriqués à partir de l'acier au carbone. La pression de conception est dans l'accord à la norme ANSI de 300 livres ou Pn40. Ces pompes peuvent également être commandées pour répondre à des normes d'api 676 (à quelques exceptions). Elles viennent également avec 90 degrés de construction angulaire s'il y a lieu<br> Leurs gammes de capacité jusqu'à 170 mètres cubes par  d'heure/750 gal/mn. La vitesse monte à 1750 t/mn et à la barre jusqu'à 16 de différence de pression (250 livres par pouce carré). L'ascenseur d'aspiration est jusqu'à 0,5 barres dans le vide de 15 de pouce hectogrammes d'installation tout en amorçant et jusqu'à 0,8 barres dans 24 vides d'hectogramme d'installation de pouce tout en pompant. Il peut fonctionner sur une gamme de viscosité du CST jusqu'à 250000 aux températures de fonctionnement de jusqu'à 250 degrés de Celsius (500 degrés de Fahrenheit).<br> Les pompes trouvent l'application dans le pompage d'huile, carburants, huile lubrifiante, essence, hydrocarbure ont basé les fluides, la graisse, le bitume, les additifs, la cire et le polystyrène. <br>  /html&nbsp;»|60108|DESMI|1545131259339-df9471f3-d3f6-411c-aa7d-6753ba7870ad|DONE
1000508|TX series|pompe pour solvant / pour biocarburant / pour diesel / auto-amorçante|Les applications nettoient, lubrifiant des liquides pour des produits pétroliers : le fioul, diesel, kérosène, essence, avgas, le carburant pour réacteurs, huiles lubrifiantes légères d'Informationand de spécifications de TX/TXD.<br> <br> Dispositifs et avantages :<br> La conception unique de pompe de glisser-palette individu-s'ajuste à l'usage pour maintenir des débits.<br> Excellentes possibilités auto amorçantes et sèches de course.<br> L'axe fini duel sur des modèles de 2, 2.5 et 3 pouces simplifie l'installation.<br> La construction de joint mécanique de Blackmer et roulement à billes fournissent la fiabilité maximum<br> Le support de roulement symétrique assure même le chargement et l'usage pour de longue vie.<br> La soupape de sécurité réglable se protège refoule des pressions excessives.<br> Des roulements à billes externes sont isolés dans le pumpage par les joints mécaniques pour maximiser la vie de roulement et pour réduire au minimum le risque de contamination.<br> Entretien facile : des palettes peuvent être facilement remplacées -- sans enlever la pompe du camion.|60108|blackmer|1545131264426-937e144d-2b2f-40e1-88bc-e432097edd0e|DONE
1000509|XRN series|pompe pour boisson / électrique / à membrane / de dosage|La pompe de dosage hydraulique de diaphragme de série de BlackPlus XRN est machinée dans une disposition de retour de ressort, et produit d'un débit optimal de 105 litres par heure. L'assemblée est enfermée dans l'enveloppe en aluminium d'oxydation anodique en noir. Elle intègre une huile mécaniquement actionnée améliorée complétant le niveau du mécanisme pour la productivité améliorée de fiabilité et de système de rendement. La soupape de sécurité apposée sur le circuit d'huile fixe la pompe de la force finie de pression. Sa structure est spécifiquement conçue pour exiger l'entretien minimal.|60109|OBL|1545131271687-ffd5dbe1-5cfc-4e3e-976f-3527bcee83b0|DONE
1000510|25 mm # P200|pompe pour produits alimentaires / à membrane / en métal / d'aspiration|Wilden P200 - 25 millimètres (1 '') ont avancé la pompe en métal<br> <br> LOGEMENTS MOUILLÉS<br> (Chambres et tubulures liquides)<br> Poids matériel de bateau<br> Aluminium 11 kilogrammes (24 livres)<br> Fer malléable 21 kilogrammes (47 livres)<br> 316 S.S. 23 kilogramme (51 livres)<br> <br> LOGEMENTS DE NON-WETTED<br> Matériel de description<br> Section centrale : Acétal, polypropylène conducteur, polypropylène<br> Soupape à air : Acétal, polypropylène conducteur, polypropylène<br> <br> DÉBIT À 212 LPM (56 GAL/MN)<br> PRESSION MAXIMUM = BARRE 8.6 (125 PSIG)<br> <br> CAPACITÉ DE TRANSPORT MAXIMUM D'ASPIRATION<br> 5.5 m (18.0 ') sèchent, 8.8m humides (29.0 ')<br> <br> SOLIDES MAXIMUM DE DIAMÈTRE<br> 6.4 millimètres (1/4 '')|60109|Wilden Pump|1545131275757-e67b0824-62d0-4c1c-b9e0-bce7f1d0ce24|DONE
1000511|NSLV|pompe pour eau douce / pour eau de mer / électrique / auto-amorçante|«&nbsp; Par suite de la demande du marché, les séries de pompe centrifuge de NSL sont également disponibles dans une version avec l'admission verticale.<br> <br> Cette exécution peut être le bon choix en concevant des salles de machine avec l'espace étroit. Les parenthèses spéciales pour le support de cloison étanche est également disponible dans notre range.  /html standard&nbsp;»|60110|DESMI|1545131280618-5b622023-aa47-4a35-b338-6233ccc42b2f|DONE
1000512|NSLH|pompe pour eau douce / pour eau de mer / électrique / auto-amorçante|«&nbsp; La pompe centrifuge de série de NSLH est spécifiquement conçue pour permettre le support commode sur les équipements serré-espacés de machine. Sa gamme standard du montage de vitesse inclut un soutien spécial de parenthèse d'installation dans des systèmes de cloison étanche. Cette série offre également les unités modèles avec l'installation horizontale d'admission. C'est une solution idéale pour le marché industriel marin et spécifique requirements.  /html&nbsp;»|60110|DESMI|1545131285215-160794fe-e376-4ac1-8c33-53b2a942e2d4|DONE
1000513|ESL|pompe pour eau chaude / pour eaux de refroidissement / pour eau douce / électrique|«&nbsp; L'EEL de DESMI est une pompe centrifuge intégrée verticale à haute efficacité qui est développée pour des applications marines et en mer. Ce produit est conçu avec le bas coût de maintenance et l'installation facile. La pompe peut être équipée des moteurs électriques selon la norme du CEI 72-1 avec des dimensions de bride dans l'accord à la norme 2633 PN10  /PN15  DIN 2632/. Cette pompe peut être utilisée pour les applications de la circulation d'eau chaude et du refrigeration.  du /html&nbsp;»|60110|DESMI|1545131289676-0e4cb5be-9ae6-4bbf-9aef-e9d3c563aa4d|DONE
1000514|Blackmer|pompe à boue / pour eaux usées / pour produits chimiques / pour produits alimentaires|La pompe de vortex du système un fournit une solution aux problèmes de pompage difficiles tels que des cambouis et des boues en grands solides de particules, pompe centrifuge de vortex de matériaux avec les matériaux d'air, visqueux ou fibreux entraînés. Elle est conçue pour adapter le système standard un et des extrémités de la puissance LD17 et inclut tous dispositifs et avantages de notre pompe du système un.|60110|blackmer|1545131295119-e5d5596c-a3d6-40a1-9894-5ffb8174ca17|DONE
1000515|A series|pompe pour produits alimentaires / auto-amorçante / à anneau liquide / centrifuge|Les pompes auto-amorçantes série A sont fabriquées en version monobloc. Selon les débits l'impulseur peut être directement supporté par l’arbre moteur ou, via accouplement élastique, sur motorisation indépendante. Polissage chimique. Grâce au type de construction rapidement démontable, elles sont particulièrement indiquées pour tous les emplois caractéristiques des industries alimentaires. Les parties en contact avec le produit sont réalisées en acier AISI 316.|60110|CSF|1545131300621-272a5d46-f510-454c-85b3-8f9765cda2ac|DONE
1000516|T6CCZ series|pompe à palettes / à débit fixe / à cylindrée fixe|Hyd camion, pompes à palettes, cylindrée fixe Denison T6CCZ|60111|Parker|1545131305268-3f590229-cafd-48f1-a3db-f8b2ecc759c6|DONE
1000517|ROTAN HD|pompe à huile / électrique / à engrenage interne / pour fluide haute viscosité|«&nbsp; Pompe à engrenages interne résistante de ROTAN<br> <br> Pompes en fonte, pour un large éventail de liquides visqueux et non-corrosifs.<br> Des pompes de HD sont spécifiquement conçues pour des applications difficiles et ceux impliquant les liquides de grande viscosité.<br> <br> Des pompes de HD sont connues par leur construction.  /html vigoureux et simples&nbsp;»|60111|DESMI|1545131310336-f3cdeb03-d9d2-4453-98cb-2a79ff7086ec|DONE
1000518|ROTAN GP|pompe pour produits chimiques / électrique / à engrenage interne / en fonte|Les pompes tout usage de généraliste de Rotan de Desmi sont idéalement utilisées pour les applications qui sont concernées par les substrats propres et non-abrasifs. Ces unités sont conçues avec une structure condensée qui des marques il une machine moins coûteuse. En outre, elles sont compatibles avec le CEI ou la NEMA brident des moteurs. D'ailleurs, ces dispositifs sont utilisés pour pomper différents types d'huile comme le légume, les poissons, le lubrifiant, et les semblables.|60111|DESMI|1545131316317-5694a6b3-e3b0-42e7-83fd-e026b74082f2|DONE
1000519|LG series|pompe pour ammoniac / pour GPL / électrique / auto-amorçante|Les modèles de pompes LGL 1,25 pouces à 4 pouces sont équipés de chemises <br> de suppression du bruit. Cette technologie brevetée réduit le bruit à sa <br> source en réduisant le niveau de cavitation dans la pompe. La réduction de la <br> cavitation réduit également les vibrations et l’usure.<br> L’implosion soudaine de bulles de vapeur à l’intérieur de la pompe est le <br> phénomène appelé cavitation. En permettant à une quantité contrôlée de <br> fluide à la pression de refoulement de s’échapper vers l’aspiration de la pompe, <br> l’implosion des bulles de vapeur s’étend sur une plus longue période. <br> Il en résulte une réduction du bruit, des vibrations et de l’usure.<br> Comme l’illustre le graphe, la réduction du niveau de bruit peut être très importante. <br> Des réductions de bruit similaires ont été mesurées avec les pompes LGL de toutes tailles|60111|blackmer|1545131321302-921e3513-c340-41f6-8961-b77f2ded94cf|DONE
1000520|X9 series|pompe pour boisson / électrique / à piston plongeur / à membrane|La pompe de dosage hydraulique de diaphragme de série d'API675 X9 est conçue dans une installation de retour positive qui produit de 3700 litres par taux de débit maximal d'heure. Elle est construite pour le double traitement, et est intégrée avec mécaniquement actionné complétant le niveau du dispositif. Un plongeur en céramique non scellé rassure la basse condition positive nette de tête d'aspiration et moins d'entretien. Une soupape de sécurité est apposée à la disposition duelle de diaphragme, fixant la sûreté pendant les opérations.|60111|OBL|1545131328141-8a26d153-7fc7-4b79-bdc4-05dab5c3dd88|DONE
1000521|MA series|pompe pour produits alimentaires / à vis excentrée / de nettoyage|Pompes de série alimentaire avec une grande chambre d’aspiration. Les parties métalliques en contact avec le produit sont en acier inox satiné / brillant. Le montage avec accouplement indépendant permet une inspection rapide de la pompe sans impliquer un démontage de la partie du support ou de la motorisation facilitant ainsi le nettoyage et l’entretien.|60111|CSF|1545131332811-e1a06597-7a98-41e7-b15b-4840d6ce0ce6|DONE
1000522|25 mm # P200|pompe pour produits alimentaires / à membrane / en métal / d'aspiration|Wilden P200 - 25 millimètres (1 '') ont avancé la pompe en métal<br> <br> LOGEMENTS MOUILLÉS<br> (Chambres et tubulures liquides)<br> Poids matériel de bateau<br> Aluminium 11 kilogrammes (24 livres)<br> Fer malléable 21 kilogrammes (47 livres)<br> 316 S.S. 23 kilogramme (51 livres)<br> <br> LOGEMENTS DE NON-WETTED<br> Matériel de description<br> Section centrale : Acétal, polypropylène conducteur, polypropylène<br> Soupape à air : Acétal, polypropylène conducteur, polypropylène<br> <br> DÉBIT À 212 LPM (56 GAL/MN)<br> PRESSION MAXIMUM = BARRE 8.6 (125 PSIG)<br> <br> CAPACITÉ DE TRANSPORT MAXIMUM D'ASPIRATION<br> 5.5 m (18.0 ') sèchent, 8.8m humides (29.0 ')<br> <br> SOLIDES MAXIMUM DE DIAMÈTRE<br> 6.4 millimètres (1/4 '')|60111|Wilden Pump|1545131337971-83e10089-f57f-4c13-932b-5081309e4d83|DONE
1000523|VAC|pompe à vide à anneau liquide / centrifuge / lubrifiée / mono-étagée|La série de VCA est fabriquée par Desmi, et est une pompe de vide sale de l'eau qui est basée sur le concept du système liquide d'installation. Elle a une conception compacte qui intègre toute exécution de diaphragme, de piston et de pompes centrifuges. Elle se compose d'un rotor à giration libre fait de logement d'acier inoxydable et plat d'usage d'acier inoxydable. <br> <br> L'unité a une capacité énorme d'air qui est résistante à l'usage, et a une protection sec-courante. Elle n'a également un bas poids et aucun diaphragme.|60112|DESMI|1545131342828-539523c4-cf5a-4497-ad78-932958100d47|DONE
1000524|VN|éjecteur Venturi sans huile / mono-étagé / compact / pneumatique|<br> <br> <br> Diamètre nominal 0,45 à 3 mm<br> Raccord<br> Raccord instantané QS4, QS6, QS8, QS10, QS12<br> Filetages M5, G1/8, G1/4, G3/8<br> Union mâle 4, 6 mm<br> standard<br> Raccordement du vide, 90° par rapport au raccord d’alimentation<br> Inline<br> raccord du vide en ligne par rapport au raccord d'alimentation<br> Distributeur d'impulsions d'éjection, pneumatique.<br> <br> Caractéristiques spécifiques:<br> <br> Venturi compact pour génération de vide décentralisée et sans maintenance|60112|festo|1545131347942-0a8e0f9e-eeb3-41f9-b7f1-adaecca1e68c|DONE
1000525|OVEM|éjecteur Venturi sans huile / mono-étagé|Diamètre nominal 0,45… 2,0 mm<br> Raccord<br> Raccord enfichable QS6, QS8<br> Electrodistributeur de vide IN/OUT<br> Electrodistributeur pour impulsion d'éjection<br> Capteurs de vide intégrés.<br> <br> Caractéristiques spécifiques:<br> <br> Maintenance préventive<br> Génération et surveillance du vide compacte dans une seule unité avec affichage|60112|festo|1545131352349-6b3e6fb1-ea14-4cfa-b34e-0e34d8ea34fd|DONE
1000456|Crouzet|réducteur pour moteur DC / planétaire / à vis sans fin / à train d'engrenages|Nos moteurs de brosse de C.C sont disponibles en tant que commandes directes ou embrayés|50341|crouzet|1545131170761-001cb2d3-70bd-4511-9fe4-8bd8a1f68703|DONE
1000457|PR/RS, PE series|réducteur planétaire / coaxial / silencieux / robuste|Les réducteurs sont disponibles en version axiale ou orthogonale dans 8 tailles et 12 rapports de réduction. Avec des vitesses d'entrée jusqu'à 6000 min-1 et un fonctionnement silencieux, robuste et fiable, vous pouvez être sûr qu'il y a un réducteur correspondant à vos applications performantes.|50344|Parker|1545131174826-85f7b602-0285-4a25-b7d7-ff51e1c1ee32|DONE
1000458|Crouzet|réducteur pour moteur DC / planétaire / à vis sans fin / à train d'engrenages|Nos moteurs de brosse de C.C sont disponibles en tant que commandes directes ou embrayés|50344|crouzet|1545131179376-97fca48b-701e-4d61-aabb-307c30c0f2fe|DONE
1000459|AEN|vérin pneumatique / à tige / à simple effet / en acier|<br> Diamètre 12, 16, 20, 25, 32, 40, 50, 63, 80, 100 mm<br> Course 1 ... 25 mm<br> Force 59 ... 4 510 N<br> Simple effet, tige sortie/tige rentrée<br> Amortissement fixe<br> <br> Caractéristiques spécifiques:<br> <br> Simple effet, tige sortie/tige rentrée|50401|festo|1545131183609-8165cc50-c145-44b6-b3f3-8807487087d8|DONE
1000460|ESNU|vérin pneumatique / à simple effet / à recirculation de billes / standard|<br> Diamètre 8, 10, 12, 16, 20, 25 mm (standard)<br> Diamètre 32, 40, 50, 63 mm<br> Course 1 ... 50 mm<br> Force 24 ... 1763 N<br> Simple effet, tige sortie<br> Détection de position<br> Amortissement fixe<br> Guidage à recirculation de billes<br> Flasque de fixation|50401|festo|1545131187554-e09e2e2e-f623-4430-a002-0e461fab38df|DONE
